"01. 존재론 및 시원 공리계 (Ontological Axioms)",,,,,,
"Param_ID","Name","Name_en","Symbol","Description","Formula_Def","Parent_ID"
"AX_01","실재","Reality","∃ ≡ Shift ( 🡢 )  ","이행(Shift)(작용(Action))이 실재(Reality)고ꓹ 이행(Shift)(작용(Action))이 없는 것은 말 그대로 없다(비실재(Non-reality)다)ꓼ  ′무(Nothingness) + 이행(Shift)(🡢)′에서 ′무(Nothingness)′는 실재성이 없으므로  당연히(Naturally) 실재(Reality)하는 이행(Shift)(🡢)만 축적(Accumulative)되며ꓹ 이 축적(Accumulative)[전방위(Omnidirectionality) 압력_수렴(Pressure Convergent)(+∇P)]에 의해 밀도(Density)(ρ)가 형성(Formation)된다ꓹ 그리고 밀도_낙차(Density Gradient)(-∇ρ)에 따라 운동(Motion)(이행(Shift))하게 된다ꓹ 또 이행(Shift)에는 간극(Delta)이 있고 그 간극(Delta)은 ′0′ 보다 크므로 이행(Shift)에는 밀도_분산(Density Dispersion)이 결부된다ꓹ 밀도_낙차(Density Gradient)(-∇ρ)에 따른 운동(Motion) 또한 압력_수렴(Pressure Convergent)에 의하므로(방향성(Directionality)이 더 강한 쪽으로 운동(Motion)하므로)ꓹ 압력_수렴(Pressure Convergent)은 밀도_낙차(Density Gradient)(-∇ρ)에 따른 운동(Motion)을 포함한다","[ ∃ ≡ Shift ( 🡢 ) ≡ δ ] ∧ [ ( δ = 0 ) ≡ ∄ ] ⟹ [ ∃ ≡ ( δ > 0 ) ]","-"
"AX_01-01","differntial","differntial","dt","′AX_01′의 이해를 돕기위해ꓹ 기성 이론의 ′dt′를 인용","Shift ( 🡢 ) ≡ δ ⊋ dt ∧ [ ( dt = 0 ) ≡ ∄ ] ⟹ [ ∃ ≡ ( dt > 0 ) ]","AX_01"
"AX_02","내외향_비대칭","Inward-Outward Asymmetry","⦕ꓼ IOA","구가 커질수록 그 구의 표면적(Surface Area) 이 넓어지므로ꓹ 구조적으로 당연히 변곡 전의 반경(내향_표면적(Inward Surface Area)(SA_inward))이 변곡 후의 반경(외향_면적(Outward Area)(A_outward)) 보다 크다(변곡 ⟹ 밀도_증가(Density Increase))ꓹ 그리고 모든 실재(Reality)의 부피(Volume)는 ′0′보다 크므로 모든 실재(Reality)는 당연히 내외향_비대칭(Inward-Outward Asymmetry)하며 이에 따른 사항은 모두 완전한_대칭(Absolute Symmetry)을 이룰 수 없다","IOA ≡ SA⭱ [ 4 * π * r_SA_out² ] – A⭳ [ 4 * π * r_A_in² ] ≡ ΔSA","-"
"AX_03","완전 정지의 실재 불가(연속성)","Non-reality of Absolute Stasis(Continuity)","∃ = (δ > 0)","완전한_정지(Absolute Stasis)는 유지(Maintenance)가 부재(Absence)(작용(Action)이 부재(Absence))하여 비실재(Non-reality)을 의미한다ꓹ 그러므로 세상(Universe)의 모든 실재(Reality)의 간극(Delta)은 ′0′보다 크고ꓹ 완전한_정지(Absolute Stasis)는 실재_불가(Non-reality)하다ꓹ ","∃ ≡ ( δ > 0 )","AX_01"
"AX_04","완전 무의 실재 불가","Non-reality of Absolute Nothingness","δꓹ ρꓹ Pꓹ V > 0","dt′가 ′0′이 아니라면 ′dt′를 포함하는 간극(Delta) 또한 ′0′일 수 없고ꓹ 압력(Pressure)ꓹ 부피(Volume)ꓹ 밀도(Density)도 ′0′일 수 없다ꓹ 이에 완전한_정지(Absolute Stasis)의 실재_불가(Non-reality)에 따라 완전한_무(Absolute Nothingness)도 실재_불가(Non-reality)하다","[ 0 < δ ≡ P ≡ ( V * ρ ) ≡ m ] ⟹ [ δꓹ ρꓹ Pꓹ V > 0 ]","AX_01ꓹ ID_08"
"AX_05","비가역 이행","-","ΣP_U ( n )","실재(Reality)하는 압력(Pressure)의 총합은 영속(Perpetuity) 증가(Increase)한다","[ ∃ = ( δ > 0 ) ] ⟹  { [ ΣP_U + P_ori ( t1 ) ] ≡ ΣP_U ( t1 ) < [ΣP_U ( t1 ) + P_ori ( t2 ) ] ≡ ΣP_U ( t2 ) < [ ΣP_U ( t2 ) + P_ori ( t3 ) ] ≡ ΣP_U ( t3 ) < [ ΣP_U ( t3 ) + P_ori ( t4 ) ]... } ⟹ ΣP_U ( n )","AX_01"
"AX_06","완전한 상태 중복의 실재 불가","Non-reality of Absolute State Overlap","ꟿ","완전한_정지(Absolute Stasis)는 실재_불가(Non-reality)하므로ꓹ 간극(Delta)은 소거될 수 없고 영속(Perpetuity)되며ꓹ 이에 따라 세상(Universe) 전체의 압력(Pressure)(체류_압력(Retention Pressure))은 영속(Perpetuity) 증가(Increase)한다ꓹ 그러므로 세상(Universe) 전체의 총 상태 값은 과거의 어떤 시점과도 완전히(Absolutely) 동일할 수 없고ꓹ 일어나는 모든 현상(Phenomenon)들은 동적_무한(Dynamic Boundlessness)으로 나가가는 경험(Experience)한 적 없는 새로운 사건이다","ꟿ ≡ { ΣP_U ( n ) iꓹj [ i ≠ jꓹ ΣP_U ( n )_i ≠ ΣP_U ( n )_j ] }","AX_05"
"AX_07","정적 무한의 실재 불가","Non-reality of Fixed Infinity","0∞ = ∄","정적_무한(Fixed Infinity)이 실재(Reality)하기 위해서는ꓹ ′dt = 0(정지)′으로 무한_밀도(Infinite Density)(ρ∞)의 무한_압력(Infinite Pressure)(P∞) 일어나야한다ꓹ 그런데 ′dt = 0′은 정지를 의미하고 무한_밀도(Infinite Density)(ρ∞)의 무한_압력(Infinite Pressure)(P∞)은 무한 작용(Action)(비정지)를 의미하므로 이는 모순되고 실재_불가(Non-reality)하다ꓹ 뿐만 아니라 정적_무한(Fixed Infinity)이라는 개념 자체가ꓹ 무한(Infinity)이라는 완결_불가(Uncompletability)에 따른 시간적 정지와 무한한 작용(Action)의 비정지를 동시에 주장하는 것으로 모순되고 실재_불가(Non-reality)하다","( 0∞ = 0 = ∄ ) ∧ {  δ = [ (V_0∞ * ρ_0∞) = P_0∞ ] = 0 = ∄ }","AX_04"
"02. 기저 물리량 및 원천 동치 (Fundamental Equivalence)",,,,,,
"Param_ID","Name","Name_en","Symbol","Description","Formula_Def","Parent_ID"
"ID_01","거치대 없음","No-holderꓼ Unfixability","∄ Fixing-holderꓼ ∄ Fixture","세상(Universe)은 고정되어있지_않다(Non-fixed)(고정될_수_없다(Unfixable))","No-holder ∧ Unfixability ≡ ∄ Fixing-holder ∧ ∄ Fixture","AX_03"
"ID_02","이행","Shift","Shiftꓼ 🡢","아무런 이행(Shift)이 없다면ꓹ 아무런 일도 일어나지 않은 채 현재 세상(Universe) 또한 실재(Reality)할 수 없다 그리고ꓹ ′이행(Shift)(🡢)′은 당연히(Naturally) 방향성(Directionality)을 가지며 압력(Pressure)이다 그리고ꓹ 무의_상태(Nothingness State)도 이행(Shift)되고 모든 실재(Reality)에는 이행(Shift)이 결부된다 그리고ꓹ 그 이행(Shift)에는 간극(Delta)(t1 – t0)이 결부된다","∄ Fixing-holder ≡ [ t0 🡢 t1 ] ≡ Shift ( 🡢 ) ≡ ∃","AX_01"
"ID_03","이행의_간극","Shift Delta","δ_Shiftꓼ δ🡢","이행(Shift)에 결부되어 결코 소거될 수 없는 간극(Delta)","Shift ( 🡢 ) ⊋ δ_Shift ( Phase ) ∧ [ Shift ( 🡢 ) – F_Shift ] ≡ δ_Shift","AX_01"
"ID_04","간극","Delta","δ","이행의_간극(Shift Delta)과 동일하며ꓹ 간극(Delta)만 따로 때어 표현할 때 사용","[ δ_Shift ( Phase ) + F_Shift ] ≡ δ","ID_03"
"ID_05","최소 단위","Unit","1Unit","다른 기저 단위의 표현에서 최소ꓹ 생략될 수 있다","( t0 🡢 t1 ∧ t1 – t0 ) ≡ 1Unit","ID_02"
"ID_06","유지","Maintenance","Maintenance","간극(Delta)은 결코 소거될 수 없으나ꓹ 관찰자에게 마치 정지한 채로 이어지고 있는 것 처럼 여겨지는 상태(State)","Shift ( 🡢 ) ⊋ Maintenance","ID_03"
"ID_07","유지의_간극","Maintenance Delta","δ_Maintenance","유지(Maintenance)를 형성(Formation)하고 있는 간극(Delta)","Maintenance ⫆ δ_Maintenance ∧ δ ⊋ δ_Maintenance ∧ Maintenance ≠ δ","ID_04"
"ID_08","기저 동치","-","-","이행(Shift)ꓹ 간극(Delta)ꓹ 압력(Pressure)ꓹ 부피(Volume) * 밀도(Density)ꓹ 질량(Mass)의 동치","Shift ( 🡢 ) ≡ δ ≡ P ≡ ( V * ρ ) ≡ m","-"
"ID_09","압력","Pressure","P","이행(Shift)에 결부되어 그 방향성(Directionality)으로 이행(Shift)하려는 힘(Force) 또는 그 방향성(Directionality) 자체ꓹ 이행(Shift)에 결부되어 결코 소거될 수 없는 힘(Force)","( V * ρ ) ≡ P ≡ δ ≡ Shift ( 🡢 )","ID_08"
"ID_10","부피","Volume","V","이행(Shift)에 결부되어 결코 소거될 수 없는 힘(Force)의 영향력(Leverage)ꓹ 밀도(Density)와도 결부된다","( P / ρ ) ≡ V ∝ P ⊋ V ≡ Distance","ID_08"
"ID_11","밀도","Density","ρ","이행(Shift)에 결부되어 결코 소거될 수 없는 힘(Force)의 농도ꓹ 부피(Volume)와도 결부된다","( P / V ) ≡ ρ ∝ P ⊋ ρ ∝ Distance","ID_08"
"ID_12","거리","Distance","Distance ≡ V","거리(Distance)는 부피(Volume)와 같으나ꓹ 압력(Pressure)(밀도(Density)) 분산(Dispersion) 따위를 설명하기 위해 사용","Distance ≡ V ∧ Distance ∝ ρ","ID_10"
"ID_13","운동","Motion","Motion ≡ ±∇Pρ","운동(Motion)도 이행(Shift)에 속하고 압력_수렴(Pressure Convergent)(+∇P)과 밀도_낙차(Density Gradient)(–∇ρ)에 따라 영속(Perpetuity)된다ꓼ 압력_수렴(Pressure Convergent)(+∇P)으로 표현하면 ′P_inward + P_outward′가 되고ꓹ 밀도_낙차(Density Gradient)(–∇ρ)로 표현하면 ′ρ_inward – ρ_outward′가 된다","Shift ( 🡢 ) ⫆ Motion_Vec ≡ [ ( P⭱_vec + P⭳_vec ) ⇄ ( ρ⭱_vec – ρ⭳_vec ) ] ≡ [ ( +∇P ⇄ –∇ρ ) ≡ ±∇Pρ ]","AX_01ꓹ AX_02ꓹ AX_03ꓹ AX_06ꓹ ID_02"
"ID_14","운동의 영속","Perpetuity of Motion","±∇Pρꟿ","운동(Motion)도 이행(Shift)에 속하고 압력_수렴(+∇P)과 밀도_낙차(–∇ρ)에 따라 영속(Perpetuity)된다ꓼ 압력_수렴(+∇P)으로 표현하면 ′P_inward + P_outward′가 되고ꓹ 밀도_낙차(–∇ρ)로 표현하면 ′ρ_inward – ρ_outward′가 된다"," [ ( +∇P_ΣP_U ( n ) ⇄ –∇ρ_ΣP_U ( n ) ] ⟹ Perpetuity ] ≡ ±∇Pρ_ΣP_U ( n ) ≡ Perpetuity of Motion ≡ ±∇Pρꟿ","AX_01ꓹ AX_02ꓹ AX_03ꓹ AX_06ꓹ ID_02"
"ID_15","질량","Mass","m","특정 위상(Phase)(위치ꓹ 시간(Time) 따위 포함)에서ꓹ 부피(Volume)를 구획했을 때 그 부피(Volume)의 힘(Force)에 농도를 뜻한다","P ≡ ( V * ρ ) ≡ m","ID_08"
"ID_16","원천_압력(상부_작용)","Original Pressure(Immediate Boundary Action)","P_ori ( IBA )","세상(Universe)이 고정되어있지_않다(Non-fixed)는 것으로 인한 방향성(Directionality)(이행(Shift))이 결부되어 있고 이 방향성(Directionality)으로 인해 영속(Perpetuity) 발생하는 압력(Pressure)","P_ori ( IBA ) ≡ U_Shift ( 🡢 )","AX_03"
"ID_17","세상(하부_작용)","Universe(Delayed Retention Action)","U ( DRA )","세상(Universe)의 부피(Volume) * 밀도(Density)","U ( DRA ) ≡ P_ret_U ≡ ΣP⤈_U ≡ ( V_ret_U * ρ_ret_U )","ID_16ꓹ BD_04"
"ID_18","세상의 총 압력(이층_관로_작용)","-","ΣP_U ( ADA )","실재(Reality)하는 압력(Pressure)의 총량","ΣP_U ( ADA ) ≡ ( P_ret_U + P_ori )","ID_16ꓹ ID_17"
"ID_19","음의 부피","-","P > V","실재(Reality)하는 압력(Pressure)의 총량에 대하여 부피(Volume)의 형성(Formation)은 후행(Subsequent)한다","( ΣP_U ≡ P ) ≡ [ ( P_ret_U ≡ V_ret_U * ρ_ret_U ) + P_ori ] ⟹ P > V","ID_16ꓹ ID_17ꓹ ID_18"
"ID_20","압력의 선행성","-","P ⟹ obj","압력(Pressure)의 총합이 세상(Universe)이고ꓹ 객체(Object)(질량(Mass))의 구분에는 부피(Volume)가 먼저 구획되어야 하므로 객체(Object)는 압력(Pressure)보다 하위 카테고리(Category)라고 하겠다","ΣP_U ⊋ ( U ≡ P_ret_U ) ⫆ ( V_Σobj * ρ_Σobj ) ≡ P_Σobj ⊋ obj","ID_12ꓹ BD_08"
"ID_21","압력과 밀도ꓹ 부피의 비례","-","P ∝ ρ ∝ V ∝ P","압력(Pressure)이 같다면 부피(Volume)와 밀도(Density)는 역비례하는 것 같지만ꓹ 이행(Shift)은 영속(Perpetuity)되고 완전히(Absolutely) 동일한 상태값은 비실재(Non-reality)하다 이에 밀도(Density)가 가변적_한계_밀도(Apexon)에 도달하면 부피_증가(Volume Increase) 하고 부피_증가(Volume Increase)하면 표면적(Surface Area)에 대한 내향_압력(Inward Pressure)이 증가(Increase)하므로 압력(Pressure)과 부피(Volume)ꓹ 밀도(Density)는 비례한다","P ∝ ρ ∝ V ∝ P ","AX_05ꓹ ID_10ꓹ ID_11ꓹ PH_03ꓹ BD_02"
"ID_22","기준_압력","Reference Pressure","P_ref","해당 문서에서 다른 언급이 없을때 사용되는 기준_압력(Reference Pressure) 값","P_ref ≡ [ V ( 2Unit ) * ρ ( 2Unit ) ] = 4Unit","-"
"ID_23","기준_간극","Reference Delta","δref","해당 문서에서 다른 언급이 없을때 사용되는 기준_간극(Reference Delta) 값","δref ≡ 4Unit","-"
"ID_24","기준_객체","Reference Object","obj_ref","해당 문서에서 다른 언급이 없을때 사용되는 기준_객체(Reference Object) 값","obj_ref ≡ [ V ( 2Unit ) * ρ ( 2Unit ) ] ≡ 4Unit","-"
"03. 구형 기하학 및 면적 비대칭 (Spherical Geometry & Asymmetry)",,,,,,
"Param_ID","Name","Name_en","Symbol","Description","Formula_Def","Parent_ID"
"GE_01","내향_표면적_반지름","Inward Surface Area radius","r_SA_out","압력(Pressure) 작용(Action) 후 변곡되는 반경의 반지름(Radius)","r_SA_out ≡ r_A_in + δ","AX_03"
"GE_02","외향_면적_반지름","Outward Area radius","r_A_in","압력(Pressure) 작용(Action) 전 반경의 반지름(Radius)","r_A_in > 0","AX_03"
"GE_03","내향_표면적","Inward Surface Area","SA⭳","압력(Pressure) 작용(Action) 전 반경","SA⭱ ≡ 4 * π * r_SA_out²","GE_01"
"GE_04","외향_면적","Outward Area","A⭱","압력(Pressure) 작용(Action) 후 변곡되는 반경","A⭳ ≡ 4 * π * r_A_in²","GE_02"
"GE_05","내향_표면적과 외향_면적의 차이","-","ΔSA","압력(Pressure) 작용(Action) 전 반경과 압력(Pressure) 작용(Action) 후 변곡되는 반경의 차이","ΔSA ≡ SA⭱ ( 4 * π * r_SA_out² ) – A⭳ ( 4 * π * r_A_in² )","GE_03ꓹ GE_04"
"04. 경계 역학 및 압력 출입 (Boundary Dynamics & Flux)",,,,,,
"Param_ID","Name","Name_en","Symbol","Description","Formula_Def","Parent_ID"
"BD_01","동적_교착","Dynamic Grid-lock","Grid-lockꟿ","특정 부분을 외부와 내부라고 말할 때 지표가 되는 경계(Boundary)(동적_경계(Dynamic Boundary)) 또는 그러한 밀도_낙차(Density Gradient)","Grid-lockꟿ ≡ ΔP ≡ [ ( P_ρ⭳ – P_ρ⤈ ) – ( P_ρ⭱ – P_ρ_ret – P_ρ⤉ ) ]","AX_02"
"BD_02","내향_압력","Inward Pressure","P⭳","동적_교착(Dynamic Grid-lock) 외부에서 내향_표면적(Inward Surface Area)으로 가해지는 전체 압력(Pressure)","P⭱ ≡ SA⭱ * P⭱_loc_SA⭱","BD_01ꓹ GE_03"
"BD_03","외향_압력","Outward Pressure","P⭱","동적_교착(Dynamic Grid-lock) 내부에서 외향_면적(Outward Area)으로 가해지는 전체 압력(Pressure)","P⭳ ≡ A⭳ * P⭳_loc_A⭳","BD_01ꓹ GE_04"
"BD_04","유입_압력","Inflow Pressure","P⤈","동적_교착(Dynamic Grid-lock) 외부에서 내부로 유입되는 압력(Pressure)","P⤈ ∝ ΔSA * P⭱_loc_ΔSA","BD_01ꓹ GE_05"
"BD_05","유출_압력","Outflow Pressure","P⤉","동적_교착(Dynamic Grid-lock) 내부에서 외부로 유출되는 압력(Pressure)","P⤉ ∝ P_ret + P⤈","BD_01ꓹ BD_04"
"BD_06","유입_압력과 유출_압력의 차이","-","ΔP⤈⤉","동적_교착(Dynamic Grid-lock) 내부로 유입되는 압력(Pressure)과 외부로 유출되는 압력(Pressure)의 차이","ΔP⤈⤉ ≡ P⤈ – P⤉","BD_01ꓹ BD_04ꓹ BD_05"
"BD_07","체류_시간","Retention Time","t_ret","압력(Pressure)의 동적_교착(Dynamic Grid-lock) 내부 체류_시간(Retention Time)은 작용(Action)량과 기준_압력(Reference Pressure)에 따라 가변적(Variable)이다ꓹ 단위로 ′tδ′를 사용한다","t_ret ≡ ( Σv_P_Action / vδ ≡ tδ )","BD_01ꓹ OBS_05"
"BD_08","체류_압력(t)","Retention Pressure(t)","P_ret ( t )","동적_교착(Dynamic Grid-lock) 내부로 유입되는 압력(Pressure)과 외부로 유출되는 압력(Pressure)의 차이의 누적","[ ( P_ret + P⤈ ) – P⤉ ] ≡ P_ret ( t )","BD_01ꓹ BD_04ꓹ BD_05"
"BD_09","동적_평형","Dynamic Equilibrium","Equilibriumꟿ","세상(Universe)의 모든 실재(Reality)는 동적_평형(Dynamic Equilibrium)을 이루고 있지만[δꓹ ρꓹ Pꓹ V > 0] 내외향_비대칭(Inward-Outward Asymmetry)하다 이에 그 비대칭(Asymmetry) 정도를 뜻한다","P⭱ : P⭳","BD_01ꓹ BD_02ꓹ BD_03"
"BD_10","삼투적 상호침투","Osmotic Interfused","𖥱ꓼ OI","모든 실재(Reality)의 끊김없는 영속(Perpetuity)과 밀도(Density)는 그 실재(Reality)의 삼투적_상호침투(Osmotic Interfused)를 뜻한다","( ρ > 0 ) ≡ OI","BD_05"
"05. 질량ꓹ 관성 및 운동 대칭 (Massꓹ Inertia & Motion)",,,,,,
"Param_ID","Name","Name_en","Symbol","Description","Formula_Def","Parent_ID"
"MASS_01","속도와 운동의 동치","-","v ≡ Motion","예를 들어 인간(Human)이 10톤을 직접 감각할 수는 없지만 측정할 수 있다 이에 인간(Human)의 관찰(Observation)은 시각이나 오감에 구속되지 않고 당연히 모든 속도(Velocity)는 광속과 다르므로 광속도 속도(Velocity)에 포함되고ꓹ 속도(Velocity) 또한 TC로 향한 압력(Pressure)(이행(Shift)ꓹ 운동(Motion))으로 벡터(Vecter)를 포함하며 운동(Motion)과 마찬가지로 압력_수렴(Pressure Convergent)(+∇P)과 밀도_낙차(Density Gradient)(–∇ρ)에 따른다","c ⊊ v_vec ≡ Motion_vec ≡ ±∇Pρ","ID_13"
"MASS_02","관성","Inertia","⦕⦖","관성(Inertia)도 벡터(Vecter)를 포함하고 압력_수렴(Pressure Convergent)(+∇P)과 밀도_낙차(Density Gradient)(-∇ρ)에 따른다","Inertia ≡ [ ( P⭱ + P⭳ ) ⇄ –∇ρ ] ≡ ±∇Pρ","AX_01ꓹ AX_02ꓹ ID_14"
"MASS_03","무게ꓹ 충격의 압력 수렴 표현(벡터)","-","Weight_vec ≡ I_vec","무게(Weight)와 충격(Impulse)(량)의 측정은 특정 방향(Direction)에 대한 이행(Shift)으로 운동(Motion)과 동일하고ꓹ 특정 방향(Direction)의(측정하는 그것(TMM)으로 향한) 압력(Pressure)이다","Weight_vec ≡ I_vec ≡ ( P⭱_vec_TC + P⭳_vec_TC )","ID_13ꓹ MASS_01"
"MASS_04","운동ꓹ 속도ꓹ 관성ꓹ 무게ꓹ 충격의 동치","-","Motion ≡ v ≡ Inertia ≡ Weight ≡ I","운동(Motion)ꓹ 속도(Velocity)ꓹ 관성(Inertia)ꓹ 무게(Weight)ꓹ 충격(Impulse)의 동치ꓼ 이하 ′형성에 대하여′에서 기호 ′v′는 운동과 속도를 포함한다","Motion ≡ v ≡ Inertia ≡ Weight ≡ I ≡ ±∇Pρ","ID_13ꓹ MASS_01ꓹ MASS_02ꓹ MASS_03"
"MASS_05","질량(t)","Mass ( t )","m ( t )","먼저 구획한 특정 범위(부피(Volume))의 체류_압력(Retention Pressure)","{ [ P_ret ( t ) / V ( t ) ] ≡ ρ ( t ) } ⟹ [ V ( t ) * ρ ( t ) ] ≡ m ( t )","ID_15ꓹ BD_08"
"MASS_06","체류_밀도(t)","Retention Density(t)","ρ_ret ( t )","질량(Mass)(t)의 체류_압력(Retention Pressure)에 밀도(Density)(평균_밀도(Average Density))","[ P_ret ( t ) / V ( t ) ] ≡ ρ ( t ) ≡ ρ_ret ( t ) ≡ Average Density_ret ( t )","ID_11ꓹ BD_08"
,,,,,,
"06. 동역학 및 밀도/저항 지형 (Dynamics & Terrain)",,,,,,
"Param_ID","Name","Name_en","Symbol","Description","Formula_Def","Parent_ID"
"-","-","-","-","-","-","-"
"07. 위상 및 객체화 프랙탈 위계 (Phases & Hierarchy)",,,,,,
"Param_ID","Name","Name_en","Symbol","Description","Formula_Def","Parent_ID"
"PH_01","포몬","Formon","𝔽","발현 자체를 표현하는 가장 기본 단위ꓹ 또는 관찰자(Observing Object)ꓹ 서술자 따위가 포커스(Focus)하는 최소 객체(Object)를 가리키는 용도로도 사용","𝔽 ⫆ Shift ( 🡢 )","ID_02"
"PH_02","형성자ꓼ 포머","Former","-","관찰자(Observing Object)ꓹ 서술자 따위가 포커스(Focus) 하는 최소 객체(Object)를 포함하는 카테고리(Category)을 가리키는 용도로 사용","Former_A ⊋ ( 𝔽_B ≡ Former_B )","PH_01"
"PH_03","에이펙손","Apexon","-","실재(Reality)하는 압력(Pressure) 총합 증가(Increase)에 따른 도달 가능한(압축(Compression) 가능한) 한계밀도는 가변적(Variable)이고ꓹ 그 가변적(Variable) 한계밀도를 뜻한다ꓼ ","Apexon ∝ ΣP_U","AX_04"
"PH_04","객체화","Objectification","obn","실재(Reality)하는 압력(Pressure) 총합 증가(Increase)에 따라ꓹ ′Apexon′도 점점 높아지고 이에 따라 점점 더 높은ꓹ 계층적 밀도(Density)를 형성(Formation)하는 과정","Objectification ≡ [ ΣP_U ( t + n ) ⟹ Apexon ( t + n ) ⟹ Former ( t + n ) ⟹ 𝔽 ( t + n ) ]","PH_03"
"PH_05","계층적 밀도 형성","-","-","밀도_분산(Density Dispersion)(-∇ρ)으로 인하여 Apexon은 Former의 압력(Pressure) 총합 50%를 넘을 수 없다","ΣP_U ⊋ P_ret_U ( P_ret_U는 ΣP_U의 50% 미만 ) ⊋ Apexon ( Apexon는 P_ret_U의 50% 미만 )","AX_02ꓹ ID_13ꓹ PH_02ꓹ PH_04"
"PH_06","비가역 순환의 영속","-","±∇Pρꟿ","가변적(Variable) 한계밀도에 압력(Pressure)이 추가되면 부피(Volume)가 증가(Increase)하고 부피(Volume)가 증가(Increase)하면 원천_압력(Original Pressure)이 증가(Increase)하고ꓹ 원천_압력(Original Pressure)이 증가(Increase)하면 가변적(Variable) 한계밀도가 증가(Increase)한다ꓹ 이와 같은 비가역_순환의_영속을 뜻한다","[ ( Apexon + P_ori ) ⟹ V_ret_U⯅ ⟹ P_ori⯅ ⟹ Apexon⯅ ⟹ Apexon ⟹ ( Apexon + P_ori ) ⟹ V_ret_U⯅... ] ⟹ ( ±∇Pρꟿ ⟹ ±∇ρVꟿ )","ID_16ꓹ ID_17ꓹ PH_03"
"08. 관찰 체계 및 상대 시차 (Observational Mechanics)",,,,,,
"Param_ID","Name","Name_en","Symbol","Description","Formula_Def","Parent_ID"
"OBS_01","압력_1단위_이행_속도","Unit-Pressure Shift Velocity","v_1UnitP","압력(Pressure) 1단위(1 Unit) 이행(Shift) 속도(Velocity)","v_P ≡ [ 1UnitV * ρ ( P_ref ) ] ∝ Distance","AX_01ꓹ AX_03ꓹ AX_04ꓹ ID_10ꓹ ID_11ꓹ ID_12ꓹ ID_14"
"OBS_02","간극_속도","Delta Velocity","vδ","간극_속도(Delta Velocity)(vδ)는ꓹ 압력_1단위_이행_속도(Unit-Pressure Shift Velocity)의 밀도(Density)(ρ)ꓹ 대상 압력(Pressure)(P)의 밀도(Density)(ρ)에 따라 가변적(Variable)이다","vδ ≡ [ v_P_ref – ρ ( 1Unitδ ) – ρ ( P_Target ) ]","OBS_01"
"OBS_03","관찰되는_속도","Observed Velocity","v_obs","관찰되는_속도(Observed Velocity)(v_obs)는ꓹ 관찰_수단(TC)과 간극_속도(Delta Velocity)(vδ)의 밀도(Density)(ρ)에 따라 가변적(Variable)이다","v_obs ≡ [ ρ ( P_TC ) – ρ ( 1Unitδ ) – vδ ]","OBS_02"
"OBS_04","간극_속도의 부피_1단위_이행_시간","-","t_P","간극_속도의 부피(Volume) 1단위(1 Unit) 이행(Shift) 시간(Time)","t_P ≡ [ ( 1UnitAction ≡ 1UnitV ) / vδ ]","OBS_02"
"OBS_05","간극_시간","Delta Time","tδ","간극_시간(Delta Time)(tδ)은ꓹ 간극_속도(Delta Velocity)의 부피_1단위_이행_시간(Unit-Volume Shift Time)(t_P)과 그 작용(Action) 횟수에 따라 가변적(Variable)이다","tδ ≡ ( t_P * ΣV_Action_t_P )","OBS_04"
"OBS_06","관찰되는_속도의 부피_1단위_이행_시간","-","t_TC","관찰되는_속도(Observed Velocity)의 부피(Volume) 1단위(1 Unit) 이행(Shift) 시간(Time)","t_TC ≡ [ ( 1UnitAction ≡ 1UnitV ) / v_obs ]","OBS_03"
"OBS_07","관찰되는_ 시간","Observed Time","t_obs","관찰되는_시간(Observed Time)(t_obs)은ꓹ 관찰되는_속도(Observed Velocity)의 부피_1단위_이행_시간(Unit-Volume Shift Time)과 그 작용(Action) 횟수에 따라 가변적(Variable)이다","t_obs ≡ ( t_TC * ΣV_Action_t_TC )","OBS_06"
"OBS_08","관찰의_간극","Observational Delta","δobs","피관찰_객체(Observed Object)의 영속(Perpetuity) 중인 운동(Motion) 상태에 대한 관찰(Observation)도 간극(Delta)이 ′0′일 수 없고ꓹ 이 관찰의_간극(Observational Delta)은 피관찰_객체(Observed Object)와 관찰_객체(Observing Object)의 밀도(Density) 그리고 작용(Action) 횟수(부피(Volume)ꓹ 거리(Distance)) 따라 가변적(Variable)이다","δobs ≡ t_obs","OBS_07"
"OBS_09","관찰작용의 영향(Effect)","-","eff_obs","TMM-Conduit의 밀도(Density)가 vδ(피관찰_객체(Observed Object))의 밀도(Density)보다 클 수록ꓹ TMM-Conduit의 밀도(Density)가 vδ의 밀도(Density)에 더 큰 변화를 일으킨다","eff_obs ≡ P_TC ≡ P⭱_TC ≡ P⭳_vδ ⟹ { [ ρ ( P⭱_TC ) > ρ ( P⭳_vδ ) ] ≡ Dispersion_ρ ( P⭱_TC ) ∧ Increase_ρ ( P⭳_vδ ) }","ID_13ꓹ BD_02ꓹ BD_03ꓹ BD_04ꓹ BD_05ꓹ BD_08ꓹ BD_09"
"OBS_10","유사_고정_상태","Quasi-fixed State","QFS","동적_평형(Dynamic Equilibrium)의 비대칭(Asymmetry) 정도에 대해서ꓹ 관찰자(Observing Object)가 운동(Motion)이라고 감각하지 못해ꓹ 마치 정지해 있는 것처럼 보이는 상태(State)","QFS ≡ ( vδ ≠ 0 ∧ v_obs = 0 )","AX_01ꓹ AX_03ꓹ ID_14ꓹ OBS_03ꓹ OBS_07ꓹ OBS_08"
"OBS_11","비관찰(Non-observation)","Non-observation","Non-obs","관찰자(Observing Object)가 관찰할 수 없는 미세한(밀도(Density)) 차이로 인한 운동(Motion)(비인식(Non-perception)) 또는 TMM-Conduit의 밀도(Density)가 대상의 밀도(Density)보다 낮으면 관찰할 수 없다(Non-observation)","Non-obs ≡ ( vδ ≠ 0 ∧ v_obs = 0 ) ∨ [ ρ ( P⭱_TC ) < ρ ( P⭳_vδ ) ]","AX_01ꓹ AX_03ꓹ ID_14ꓹ OBS_03ꓹ OBS_07ꓹ OBS_08"
"09. 존재론적·인식론적 비판 (Epistemology & Critiques)",,,,,,
"Param_ID","Name","Name_en","Symbol","Description","Formula_Def","Parent_ID"
"EP_01","정적_무한","Fixed Infinity","0∞","정적_무한(Fixed Infinity)은 무한(Infinity) 작용(Action)이 한 순간에(동시에) 일어나야하는데ꓹ 무한(Infinity)으로 완결_불가(Uncompletability)하므로 시간(Time)은 정지되어야 한다ꓹ 이에 ′동시에 무한(Infinity) 작용(Action)′한다는 것과 ′시간 정지′는 모순되므로 실재_불가(Non-reality)하다","0∞ ≡ ∄","AX_03ꓹ AX_07"
"EP_02","동적_무한","Dynamic Boundlessness","ΣP_U ( n )ꓼ ꟿ⇄ꟿ","세상(Universe) 전체의 총 상태값은 과거의 어떤 시점과도 완전히(Absolutely) 동일할 수 없고ꓹ 일어나는 모든 현상(Phenomenon)들은 동적_무한(Dynamic Boundlessness)으로 나가가는 경험(Experience)한 적 없는 새로운 사건이다","ΣP_U ( n ) ≡ ꟿ⇄ꟿ","AX_05ꓹ AX_06ꓹ ID_14"
"EP_03","실태","Actuality","acty","관찰(Observation) 여부와 관계없는 실태(Actuality)","∃ ≡ Actuality ≡ [ ( Non-obs + obs ) – δobs ]","OBS_03ꓹ OBS_07ꓹ OBS_08ꓹ OBS_11"
"EP_04","현상","Phenomenon","phen","관찰되지 않는 실태(Actuality)로 인하여 일어나는 사건들이 관찰(Observation)되는 상(Image)","( obs ≡ Phenomenon ) ⟹ ( Actuality ⊋ Phenomenon ) ∧ ( Actuality – Non-obs + δobs ) ≡ obs ≡ Phenomenon","EP_03"
"EP_05","실태와 관찰의 차이","-","ΔAO","비관찰(Non-observation) 부분에 더하여ꓹ 관찰의_간극(Observational Delta)만큼 실태(Actuality)와 다른 상(Image)을 얻는다","Actuality – obs ≡ Non-obs + δobs ≡ ΔAO","EP_03ꓹ EP_04"
"EP_06","주객전도","-","Reversal_AO","관찰되지 않는 또는 감각하지 못하는 실태(Actuality)의 위상(Phase)을 현상(Phenomenon) 또는 특정 관찰자(Observing Object)의 포커스(Focus)로 대신하는 것","( Actuality = obs or obg ) ∨ ( Non-obs > obs = Actuality ) ≡ Reversal_AO","EP_03ꓹ EP_04ꓹ EP_05"
"EP_07","관찰자 비동기(관찰의 완전한 상태 중복의 실재 불가)","Observer Asynchrony","obsꟿ","세상(Universe) 전체의 총 상태값은 과거의 어떤 시점과도 완전히(Absolutely) 동일할 수 없고ꓹ 일어나는 모든 실태와 현상(Phenomenon)들은 동적_무한(Dynamic Boundlessness)으로 나가가는 경험(Experience)한 적 없는 새로운 사건이다","{ [ ρ ( P_TCꟿ ) – ρ ( 1Unitδ ) – ꟿvδ ≡ ꟿv_obs ] ⟹ ( ꟿt_TC * ΣV_Action_ꟿt_TC ≡ ꟿt_obs ) } ≡ obsꟿ","AX_06ꓹ OBS_03ꓹ OBS_07ꓹ EP_02"
